{
  "exact_top1": 0.589459457397461,
  "inherited": 3906,
  "international": 3494,
  "n": 7400,
  "normalized_top1": 0.6283783721923828,
  "schema": 1
}
