{
  "score_domain": "corpus-coverage-banded-v2",
  "fitted_on": "cache cognate sets gloss+POS-matched to official rows, banded by attesting languages, 19730 samples (4952 holdout), generate_set coverage score",
  "holdout_ece": 0.019837642155116342,
  "propose_pr": [
    0.0,
    0.0
  ],
  "review_pr": [
    0.46037735849056605,
    0.2297551789077213
  ],
  "bands": {
    "2-3": {
      "deciles": [
        0.00555772006075484,
        0.00555772006075484,
        0.04525163869244162,
        0.07301272895255823,
        0.10928333676850809,
        0.16420134618610513,
        0.16420134618610513,
        0.16420134618610513,
        0.16420134618610513,
        0.16420134618610513
      ],
      "dev_n": 12270,
      "holdout_n": 4142,
      "holdout_ece": 0.011738183327405019
    },
    "4-6": {
      "deciles": [
        0.012722215106604172,
        0.012722215106604172,
        0.012722215106604172,
        0.012722215106604172,
        0.012722215106604172,
        0.07854714289721447,
        0.17606626406960862,
        0.23640142107072537,
        0.2973654208737717,
        0.2973654208737717
      ],
      "dev_n": 1532,
      "holdout_n": 513,
      "holdout_ece": 0.0625009179562231
    },
    "7+": {
      "deciles": [
        0.05136768927858396,
        0.05136768927858396,
        0.05136768927858396,
        0.05136768927858396,
        0.05136768927858396,
        0.05136768927858396,
        0.05136768927858396,
        0.05136768927858396,
        0.2788786945225905,
        0.3956354324981144
      ],
      "dev_n": 976,
      "holdout_n": 297,
      "holdout_ece": 0.06445298378536349
    }
  }
}
