{
  "fitted_on": "evaluate dev split (12222 entries), production rung '+stem-class-endings (production)'",
  "holdout_ece": 0.010775193357269754,
  "propose_pr": [
    0.7188689505165851,
    0.664321608040201
  ],
  "review_pr": [
    0.6183152743795876,
    0.8889447236180904
  ],
  "deciles": [
    0.13623188405797101,
    0.13623188405797101,
    0.13623188405797101,
    0.13623188405797101,
    0.19264278799612777,
    0.39695340501792115,
    0.5928196147110333,
    0.660377358490566,
    0.7339325842696629,
    0.7339325842696629
  ]
}