{
  "fitted_on": "evaluate dev split (12222 entries), production rung '+stem-class-endings (production)'",
  "holdout_ece": 0.010694598395563045,
  "propose_pr": [
    0.71869918699187,
    0.6656626506024096
  ],
  "review_pr": [
    0.6185819070904646,
    0.8890562248995983
  ],
  "deciles": [
    0.13623188405797101,
    0.13623188405797101,
    0.13623188405797101,
    0.13623188405797101,
    0.1929541047188106,
    0.3970323741007194,
    0.5926251097453907,
    0.6603575184016824,
    0.7314835533676438,
    0.7314835533676438
  ]
}