{
  "fitted_on": "evaluate dev split (12222 entries), production rung '+spirantization (production)'",
  "holdout_ece": 0.012829805857475307,
  "deciles": [
    0.13623188405797101,
    0.13623188405797101,
    0.13623188405797101,
    0.13623188405797101,
    0.19277885235332043,
    0.3964285714285714,
    0.5921397379912664,
    0.6597077244258872,
    0.7344314079422383,
    0.7344314079422383
  ]
}